,Year,team,away_goals_conceded,away_score,away_games,home_score,home_goals_conceded,home_games,hs_mean,as_mean,as_conceded_mean,hs_conceded_mean,H_AttackS,A_AttackS,H_DefenseS,A_DefenseS,WinCount,country
0,1930,Argentina,4,2,1,16.0,5.0,4.0,2.2777777777777777,1.6111111111111112,2.2777777777777777,1.6111111111111112,1.7560975609756098,1.2413793103448276,0.7758620689655172,1.7560975609756098,4.0,Uruguay
1,1930,Brazil,0,4,1,1.0,2.0,1.0,2.2777777777777777,1.6111111111111112,2.2777777777777777,1.6111111111111112,0.43902439024390244,2.4827586206896552,1.2413793103448276,0.0,1.0,Uruguay
2,1930,Chile,3,1,1,4.0,0.0,2.0,2.2777777777777777,1.6111111111111112,2.2777777777777777,1.6111111111111112,0.8780487804878049,0.6206896551724138,0.0,1.3170731707317074,2.0,Uruguay
3,1930,France,2,0,2,4.0,1.0,1.0,2.2777777777777777,1.6111111111111112,2.2777777777777777,1.6111111111111112,1.7560975609756098,0.0,0.6206896551724138,0.43902439024390244,1.0,Uruguay
4,1930,Mexico,13,4,3,0.0,0.0,0.0,2.2777777777777777,1.6111111111111112,2.2777777777777777,1.6111111111111112,0.0,0.8275862068965516,0.0,1.9024390243902438,0.0,Uruguay
5,1930,Paraguay,0,1,1,0.0,3.0,1.0,2.2777777777777777,1.6111111111111112,2.2777777777777777,1.6111111111111112,0.0,0.6206896551724138,1.8620689655172413,0.0,1.0,Uruguay
6,1930,Peru,1,0,1,1.0,3.0,1.0,2.2777777777777777,1.6111111111111112,2.2777777777777777,1.6111111111111112,0.43902439024390244,0.0,1.8620689655172413,0.43902439024390244,0.0,Uruguay
7,1930,Romania,5,3,2,0.0,0.0,0.0,2.2777777777777777,1.6111111111111112,2.2777777777777777,1.6111111111111112,0.0,0.9310344827586207,0.0,1.0975609756097562,1.0,Uruguay
8,1930,United States,6,7,3,0.0,0.0,0.0,2.2777777777777777,1.6111111111111112,2.2777777777777777,1.6111111111111112,0.0,1.4482758620689655,0.0,0.8780487804878049,2.0,Uruguay
9,1930,Yugoslavia,7,7,3,0.0,0.0,0.0,2.2777777777777777,1.6111111111111112,2.2777777777777777,1.6111111111111112,0.0,1.4482758620689655,0.0,1.024390243902439,2.0,Uruguay
10,1934,Austria,1,0,1,7.0,6.0,3.0,2.235294117647059,1.8823529411764706,2.235294117647059,1.8823529411764706,1.0438596491228072,0.0,1.0625,0.4473684210526316,2.0,Italy
11,1934,Czechoslovakia,2,1,1,8.0,4.0,3.0,2.235294117647059,1.8823529411764706,2.235294117647059,1.8823529411764706,1.1929824561403508,0.53125,0.7083333333333333,0.8947368421052632,3.0,Italy
12,1934,France,3,2,1,0.0,0.0,0.0,2.235294117647059,1.8823529411764706,2.235294117647059,1.8823529411764706,0.0,1.0625,0.0,1.3421052631578947,0.0,Italy
13,1934,Germany,7,9,3,2.0,1.0,1.0,2.235294117647059,1.8823529411764706,2.235294117647059,1.8823529411764706,0.8947368421052632,1.59375,0.53125,1.0438596491228072,3.0,Italy
14,1934,Hungary,4,5,2,0.0,0.0,0.0,2.235294117647059,1.8823529411764706,2.235294117647059,1.8823529411764706,0.0,1.328125,0.0,0.8947368421052632,1.0,Italy
15,1934,Romania,2,1,1,0.0,0.0,0.0,2.235294117647059,1.8823529411764706,2.235294117647059,1.8823529411764706,0.0,0.53125,0.0,0.8947368421052632,0.0,Italy
16,1934,Spain,3,4,3,0.0,0.0,0.0,2.235294117647059,1.8823529411764706,2.235294117647059,1.8823529411764706,0.0,0.7083333333333333,0.0,0.4473684210526316,1.0,Italy
17,1934,Sweden,4,4,2,0.0,0.0,0.0,2.235294117647059,1.8823529411764706,2.235294117647059,1.8823529411764706,0.0,1.0625,0.0,0.8947368421052632,1.0,Italy
18,1934,Switzerland,5,5,2,0.0,0.0,0.0,2.235294117647059,1.8823529411764706,2.235294117647059,1.8823529411764706,0.0,1.328125,0.0,1.118421052631579,1.0,Italy
19,1934,United States,7,1,1,0.0,0.0,0.0,2.235294117647059,1.8823529411764706,2.235294117647059,1.8823529411764706,0.0,0.53125,0.0,3.131578947368421,0.0,Italy
20,1938,Belgium,3,1,1,0.0,0.0,0.0,2.5555555555555554,2.111111111111111,2.5555555555555554,2.111111111111111,0.0,0.47368421052631576,0.0,1.173913043478261,0.0,France
21,1938,Czechoslovakia,3,2,2,3.0,0.0,1.0,2.5555555555555554,2.111111111111111,2.5555555555555554,2.111111111111111,1.173913043478261,0.47368421052631576,0.0,0.5869565217391305,1.0,France
22,1938,Indonesia,6,0,1,0.0,0.0,0.0,2.5555555555555554,2.111111111111111,2.5555555555555554,2.111111111111111,0.0,0.0,0.0,2.347826086956522,0.0,France
23,1938,Italy,4,9,3,2.0,1.0,1.0,2.5555555555555554,2.111111111111111,2.5555555555555554,2.111111111111111,0.782608695652174,1.4210526315789473,0.47368421052631576,0.5217391304347826,4.0,France
24,1938,Netherlands,3,0,1,0.0,0.0,0.0,2.5555555555555554,2.111111111111111,2.5555555555555554,2.111111111111111,0.0,0.0,0.0,1.173913043478261,0.0,France
25,1938,Norway,2,1,1,0.0,0.0,0.0,2.5555555555555554,2.111111111111111,2.5555555555555554,2.111111111111111,0.0,0.47368421052631576,0.0,0.782608695652174,0.0,France
26,1938,Poland,6,5,1,0.0,0.0,0.0,2.5555555555555554,2.111111111111111,2.5555555555555554,2.111111111111111,0.0,2.3684210526315788,0.0,2.347826086956522,0.0,France
27,1938,Romania,5,4,2,0.0,0.0,0.0,2.5555555555555554,2.111111111111111,2.5555555555555554,2.111111111111111,0.0,0.9473684210526315,0.0,0.9782608695652175,0.0,France
28,1938,Sweden,9,11,3,0.0,0.0,0.0,2.5555555555555554,2.111111111111111,2.5555555555555554,2.111111111111111,0.0,1.7368421052631577,0.0,1.173913043478261,1.0,France
29,1938,Switzerland,5,5,3,0.0,0.0,0.0,2.5555555555555554,2.111111111111111,2.5555555555555554,2.111111111111111,0.0,0.7894736842105263,0.0,0.6521739130434784,1.0,France
30,1950,England,0,2,1,0.0,2.0,2.0,1.9545454545454546,2.0454545454545454,1.9545454545454546,2.0454545454545454,0.0,0.9777777777777777,0.4888888888888889,0.0,1.0,Brazil
31,1950,Mexico,4,0,1,2.0,6.0,2.0,1.9545454545454546,2.0454545454545454,1.9545454545454546,2.0454545454545454,0.5116279069767442,0.0,1.4666666666666668,2.046511627906977,0.0,Brazil
32,1950,Paraguay,2,0,1,2.0,2.0,1.0,1.9545454545454546,2.0454545454545454,1.9545454545454546,2.0454545454545454,1.0232558139534884,0.0,0.9777777777777777,1.0232558139534884,0.0,Brazil
33,1950,Spain,6,4,3,6.0,6.0,3.0,1.9545454545454546,2.0454545454545454,1.9545454545454546,2.0454545454545454,1.0232558139534884,0.6518518518518518,0.9777777777777777,1.0232558139534884,3.0,Brazil
34,1950,Sweden,12,9,4,2.0,3.0,1.0,1.9545454545454546,2.0454545454545454,1.9545454545454546,2.0454545454545454,1.0232558139534884,1.1,1.4666666666666668,1.5348837209302326,2.0,Brazil
35,1950,Switzerland,3,4,2,0.0,3.0,1.0,1.9545454545454546,2.0454545454545454,1.9545454545454546,2.0454545454545454,0.0,0.9777777777777777,1.4666666666666668,0.7674418604651163,1.0,Brazil
36,1950,United States,8,4,3,0.0,0.0,0.0,1.9545454545454546,2.0454545454545454,1.9545454545454546,2.0454545454545454,0.0,0.6518518518518518,0.0,1.3643410852713178,1.0,Brazil
37,1950,Uruguay,5,15,4,0.0,0.0,0.0,1.9545454545454546,2.0454545454545454,1.9545454545454546,2.0454545454545454,0.0,1.8333333333333333,0.0,0.6395348837209303,3.0,Brazil
38,1950,Yugoslavia,3,7,3,0.0,0.0,0.0,1.9545454545454546,2.0454545454545454,1.9545454545454546,2.0454545454545454,0.0,1.1407407407407408,0.0,0.5116279069767442,2.0,Brazil
39,1954,Austria,5,7,1,10.0,7.0,4.0,2.730769230769231,2.6538461538461537,2.730769230769231,2.6538461538461537,0.9154929577464789,2.63768115942029,0.6594202898550725,1.8309859154929577,4.0,Switzerland
40,1954,Czechoslovakia,5,0,1,0.0,2.0,1.0,2.730769230769231,2.6538461538461537,2.730769230769231,2.6538461538461537,0.0,0.0,0.7536231884057971,1.8309859154929577,0.0,Switzerland
41,1954,England,4,6,2,2.0,4.0,1.0,2.730769230769231,2.6538461538461537,2.730769230769231,2.6538461538461537,0.7323943661971831,1.1304347826086958,1.5072463768115942,0.7323943661971831,1.0,Switzerland
42,1954,Germany,1,6,1,19.0,13.0,5.0,2.730769230769231,2.6538461538461537,2.730769230769231,2.6538461538461537,1.3915492957746478,2.2608695652173916,0.9797101449275363,0.36619718309859156,5.0,Switzerland
43,1954,Hungary,8,14,3,13.0,2.0,2.0,2.730769230769231,2.6538461538461537,2.730769230769231,2.6538461538461537,2.380281690140845,1.7584541062801935,0.37681159420289856,0.976525821596244,4.0,Switzerland
44,1954,Italy,7,6,3,0.0,0.0,0.0,2.730769230769231,2.6538461538461537,2.730769230769231,2.6538461538461537,0.0,0.7536231884057971,0.0,0.8544600938967136,1.0,Switzerland
45,1954,Mexico,8,2,2,0.0,0.0,0.0,2.730769230769231,2.6538461538461537,2.730769230769231,2.6538461538461537,0.0,0.37681159420289856,0.0,1.4647887323943662,0.0,Switzerland
46,1954,Scotland,1,0,1,0.0,7.0,1.0,2.730769230769231,2.6538461538461537,2.730769230769231,2.6538461538461537,0.0,0.0,2.63768115942029,0.36619718309859156,0.0,Switzerland
47,1954,South Korea,9,0,1,0.0,7.0,1.0,2.730769230769231,2.6538461538461537,2.730769230769231,2.6538461538461537,0.0,0.0,2.63768115942029,3.295774647887324,0.0,Switzerland
48,1954,Turkey,11,10,3,0.0,0.0,0.0,2.730769230769231,2.6538461538461537,2.730769230769231,2.6538461538461537,0.0,1.2560386473429952,0.0,1.3427230046948355,1.0,Switzerland
49,1954,Uruguay,9,16,5,0.0,0.0,0.0,2.730769230769231,2.6538461538461537,2.730769230769231,2.6538461538461537,0.0,1.2057971014492754,0.0,0.6591549295774648,3.0,Switzerland
50,1954,Yugoslavia,3,2,3,0.0,0.0,0.0,2.730769230769231,2.6538461538461537,2.730769230769231,2.6538461538461537,0.0,0.25120772946859904,0.0,0.36619718309859156,1.0,Switzerland
51,1958,Brazil,2,8,2,8.0,2.0,4.0,2.0,1.6,2.0,1.6,1.0,2.5,0.3125,0.5,5.0,Sweden
52,1958,Czechoslovakia,1,6,1,3.0,5.0,3.0,2.0,1.6,2.0,1.6,0.5,3.75,1.0416666666666667,0.5,1.0,Sweden
53,1958,England,2,2,2,2.0,3.0,2.0,2.0,1.6,2.0,1.6,0.5,0.625,0.9375,0.5,0.0,Sweden
54,1958,France,5,2,1,21.0,10.0,5.0,2.0,1.6,2.0,1.6,2.1,1.25,1.25,2.5,4.0,Sweden
55,1958,Germany,12,9,4,3.0,2.0,2.0,2.0,1.6,2.0,1.6,0.75,1.40625,0.625,1.5,2.0,Sweden
56,1958,Hungary,2,1,1,6.0,3.0,3.0,2.0,1.6,2.0,1.6,1.0,0.625,0.625,1.0,1.0,Sweden
57,1958,Mexico,7,0,2,1.0,1.0,1.0,2.0,1.6,2.0,1.6,0.5,0.0,0.625,1.75,0.0,Sweden
58,1958,Northern Ireland,10,6,5,0.0,0.0,0.0,2.0,1.6,2.0,1.6,0.0,0.7499999999999999,0.0,1.0,2.0,Sweden
59,1958,Paraguay,7,3,1,6.0,5.0,2.0,2.0,1.6,2.0,1.6,1.5,1.875,1.5625,3.5,1.0,Sweden
60,1958,Russia,6,5,5,0.0,0.0,0.0,2.0,1.6,2.0,1.6,0.0,0.625,0.0,0.6,2.0,Sweden
61,1958,Scotland,5,3,2,1.0,1.0,1.0,2.0,1.6,2.0,1.6,0.5,0.9375,0.625,1.25,0.0,Sweden
62,1958,Wales,4,4,5,0.0,0.0,0.0,2.0,1.6,2.0,1.6,0.0,0.5,0.0,0.4,1.0,Sweden
63,1958,Yugoslavia,7,7,4,0.0,0.0,0.0,2.0,1.6,2.0,1.6,0.0,1.09375,0.0,0.875,1.0,Sweden
64,1962,Brazil,2,4,1,10.0,3.0,5.0,1.40625,1.375,1.40625,1.375,1.4222222222222223,2.909090909090909,0.43636363636363634,1.4222222222222223,5.0,Chile
65,1962,Bulgaria,1,0,1,1.0,6.0,2.0,1.40625,1.375,1.40625,1.375,0.35555555555555557,0.0,2.1818181818181817,0.7111111111111111,0.0,Chile
66,1962,Czechoslovakia,3,1,2,6.0,4.0,4.0,1.40625,1.375,1.40625,1.375,1.0666666666666667,0.36363636363636365,0.7272727272727273,1.0666666666666667,3.0,Chile
67,1962,England,4,4,3,1.0,2.0,1.0,1.40625,1.375,1.40625,1.375,0.7111111111111111,0.9696969696969696,1.4545454545454546,0.9481481481481481,1.0,Chile
68,1962,Germany,0,2,1,2.0,2.0,3.0,1.40625,1.375,1.40625,1.375,0.47407407407407404,1.4545454545454546,0.4848484848484848,0.0,2.0,Chile
69,1962,Hungary,3,8,4,0.0,0.0,0.0,1.40625,1.375,1.40625,1.375,0.0,1.4545454545454546,0.0,0.5333333333333333,2.0,Chile
70,1962,Italy,2,0,2,3.0,0.0,1.0,1.40625,1.375,1.40625,1.375,2.1333333333333333,0.0,0.0,0.7111111111111111,1.0,Chile
71,1962,Mexico,3,3,2,0.0,1.0,1.0,1.40625,1.375,1.40625,1.375,0.0,1.0909090909090908,0.7272727272727273,1.0666666666666667,1.0,Chile
72,1962,Russia,6,5,2,4.0,1.0,2.0,1.40625,1.375,1.40625,1.375,1.4222222222222223,1.8181818181818181,0.36363636363636365,2.1333333333333333,2.0,Chile
73,1962,Spain,3,2,3,0.0,0.0,0.0,1.40625,1.375,1.40625,1.375,0.0,0.4848484848484848,0.0,0.7111111111111111,1.0,Chile
74,1962,Switzerland,8,2,3,0.0,0.0,0.0,1.40625,1.375,1.40625,1.375,0.0,0.4848484848484848,0.0,1.8962962962962961,0.0,Chile
75,1962,Uruguay,3,3,2,1.0,3.0,1.0,1.40625,1.375,1.40625,1.375,0.7111111111111111,1.0909090909090908,2.1818181818181817,1.0666666666666667,1.0,Chile
76,1962,Yugoslavia,7,10,6,0.0,0.0,0.0,1.40625,1.375,1.40625,1.375,0.0,1.2121212121212122,0.0,0.8296296296296297,3.0,Chile
77,1966,Argentina,1,0,1,4.0,1.0,3.0,1.4375,1.34375,1.4375,1.34375,0.9275362318840579,0.0,0.24806201550387597,0.6956521739130435,2.0,England
78,1966,Bulgaria,2,0,1,1.0,6.0,2.0,1.4375,1.34375,1.4375,1.34375,0.34782608695652173,0.0,2.2325581395348837,1.391304347826087,0.0,England
79,1966,France,2,0,1,2.0,3.0,2.0,1.4375,1.34375,1.4375,1.34375,0.6956521739130435,0.0,1.1162790697674418,1.391304347826087,0.0,England
80,1966,Germany,4,2,2,13.0,2.0,4.0,1.4375,1.34375,1.4375,1.34375,2.260869565217391,0.7441860465116279,0.37209302325581395,1.391304347826087,4.0,England
81,1966,Hungary,2,6,2,2.0,5.0,2.0,1.4375,1.34375,1.4375,1.34375,0.6956521739130435,2.2325581395348837,1.8604651162790697,0.6956521739130435,2.0,England
82,1966,Italy,0,2,1,0.0,2.0,2.0,1.4375,1.34375,1.4375,1.34375,0.0,1.4883720930232558,0.7441860465116279,0.0,1.0,England
83,1966,Mexico,3,1,2,0.0,0.0,1.0,1.4375,1.34375,1.4375,1.34375,0.0,0.37209302325581395,0.0,1.0434782608695652,0.0,England
84,1966,North Korea,1,2,2,3.0,8.0,2.0,1.4375,1.34375,1.4375,1.34375,1.0434782608695652,0.7441860465116279,2.9767441860465116,0.34782608695652173,1.0,England
85,1966,Portugal,7,15,5,2.0,1.0,1.0,1.4375,1.34375,1.4375,1.34375,1.391304347826087,2.2325581395348837,0.7441860465116279,0.9739130434782608,5.0,England
86,1966,Russia,6,10,6,0.0,0.0,0.0,1.4375,1.34375,1.4375,1.34375,0.0,1.2403100775193798,0.0,0.6956521739130435,4.0,England
87,1966,Spain,4,2,2,2.0,1.0,1.0,1.4375,1.34375,1.4375,1.34375,1.391304347826087,0.7441860465116279,0.7441860465116279,1.391304347826087,1.0,England
88,1966,Switzerland,9,1,3,0.0,0.0,0.0,1.4375,1.34375,1.4375,1.34375,0.0,0.24806201550387597,0.0,2.0869565217391304,0.0,England
89,1966,Uruguay,5,2,4,0.0,0.0,0.0,1.4375,1.34375,1.4375,1.34375,0.0,0.37209302325581395,0.0,0.8695652173913043,1.0,England
90,1970,Belgium,1,0,1,4.0,4.0,2.0,1.5625,1.40625,1.5625,1.40625,1.28,0.0,1.4222222222222223,0.64,1.0,Mexico
91,1970,Czechoslovakia,4,1,1,1.0,3.0,2.0,1.5625,1.40625,1.5625,1.40625,0.32,0.7111111111111111,1.0666666666666667,2.56,0.0,Mexico
92,1970,El Salvador,7,0,2,0.0,2.0,1.0,1.5625,1.40625,1.5625,1.40625,0.0,0.0,1.4222222222222223,2.24,0.0,Mexico
93,1970,England,1,1,2,3.0,3.0,2.0,1.5625,1.40625,1.5625,1.40625,0.96,0.35555555555555557,1.0666666666666667,0.32,2.0,Mexico
94,1970,Germany,4,8,2,9.0,6.0,4.0,1.5625,1.40625,1.5625,1.40625,1.44,2.8444444444444446,1.0666666666666667,1.28,5.0,Mexico
95,1970,Italy,8,9,4,1.0,0.0,2.0,1.5625,1.40625,1.5625,1.40625,0.32,1.6,0.0,1.28,3.0,Mexico
96,1970,Morocco,3,2,2,0.0,3.0,1.0,1.5625,1.40625,1.5625,1.40625,0.0,0.7111111111111111,2.1333333333333333,0.96,0.0,Mexico
97,1970,Peru,9,9,4,0.0,0.0,0.0,1.5625,1.40625,1.5625,1.40625,0.0,1.6,0.0,1.44,2.0,Mexico
98,1970,Romania,5,4,3,0.0,0.0,0.0,1.5625,1.40625,1.5625,1.40625,0.0,0.9481481481481481,0.0,1.0666666666666667,1.0,Mexico
99,1970,Russia,1,6,3,0.0,1.0,1.0,1.5625,1.40625,1.5625,1.40625,0.0,1.4222222222222223,0.7111111111111111,0.21333333333333332,2.0,Mexico
100,1970,Sweden,2,1,2,1.0,0.0,1.0,1.5625,1.40625,1.5625,1.40625,0.64,0.35555555555555557,0.0,0.64,1.0,Mexico
101,1970,Uruguay,5,4,6,0.0,0.0,0.0,1.5625,1.40625,1.5625,1.40625,0.0,0.47407407407407404,0.0,0.5333333333333333,2.0,Mexico
102,1974,Argentina,7,2,2,7.0,5.0,4.0,1.5,1.0526315789473684,1.5,1.0526315789473684,1.1666666666666667,0.9500000000000001,1.1875,2.3333333333333335,1.0,Germany
103,1974,Australia,5,0,2,0.0,0.0,1.0,1.5,1.0526315789473684,1.5,1.0526315789473684,0.0,0.0,0.0,1.6666666666666667,0.0,Germany
104,1974,Brazil,3,5,4,1.0,1.0,3.0,1.5,1.0526315789473684,1.5,1.0526315789473684,0.2222222222222222,1.1875,0.31666666666666665,0.5,3.0,Germany
105,1974,Bulgaria,0,0,1,2.0,5.0,2.0,1.5,1.0526315789473684,1.5,1.0526315789473684,0.6666666666666666,0.0,2.375,0.0,0.0,Germany
106,1974,Chile,1,0,2,1.0,1.0,1.0,1.5,1.0526315789473684,1.5,1.0526315789473684,0.6666666666666666,0.0,0.9500000000000001,0.3333333333333333,0.0,Germany
107,1974,DR Congo,9,0,1,0.0,5.0,2.0,1.5,1.0526315789473684,1.5,1.0526315789473684,0.0,0.0,2.375,6.0,0.0,Germany
108,1974,German DR,3,3,4,2.0,2.0,2.0,1.5,1.0526315789473684,1.5,1.0526315789473684,0.6666666666666666,0.7125,0.9500000000000001,0.5,2.0,Germany
109,1974,Haiti,7,2,2,0.0,7.0,1.0,1.5,1.0526315789473684,1.5,1.0526315789473684,0.0,0.9500000000000001,6.65,2.3333333333333335,0.0,Germany
110,1974,Italy,3,2,2,3.0,1.0,1.0,1.5,1.0526315789473684,1.5,1.0526315789473684,2.0,0.9500000000000001,0.9500000000000001,1.0,1.0,Germany
111,1974,Netherlands,3,9,4,6.0,0.0,3.0,1.5,1.0526315789473684,1.5,1.0526315789473684,1.3333333333333333,2.1375,0.0,0.5,5.0,Germany
112,1974,Poland,1,9,4,7.0,4.0,3.0,1.5,1.0526315789473684,1.5,1.0526315789473684,1.5555555555555556,2.1375,1.2666666666666666,0.16666666666666666,6.0,Germany
113,1974,Scotland,0,2,1,1.0,1.0,2.0,1.5,1.0526315789473684,1.5,1.0526315789473684,0.3333333333333333,1.9000000000000001,0.47500000000000003,0.0,1.0,Germany
114,1974,Sweden,4,2,2,5.0,2.0,4.0,1.5,1.0526315789473684,1.5,1.0526315789473684,0.8333333333333334,0.9500000000000001,0.47500000000000003,1.3333333333333333,2.0,Germany
115,1974,Uruguay,4,1,2,0.0,2.0,1.0,1.5,1.0526315789473684,1.5,1.0526315789473684,0.0,0.47500000000000003,1.9000000000000001,1.3333333333333333,0.0,Germany
116,1974,Yugoslavia,7,3,5,9.0,0.0,1.0,1.5,1.0526315789473684,1.5,1.0526315789473684,6.0,0.5700000000000001,0.0,0.9333333333333332,1.0,Germany
117,1978,Brazil,0,1,2,9.0,3.0,5.0,1.4736842105263157,1.2105263157894737,1.4736842105263157,1.2105263157894737,1.2214285714285715,0.41304347826086957,0.49565217391304345,0.0,4.0,Argentina
118,1978,France,2,1,1,4.0,3.0,2.0,1.4736842105263157,1.2105263157894737,1.4736842105263157,1.2105263157894737,1.3571428571428572,0.8260869565217391,1.2391304347826086,1.3571428571428572,1.0,Argentina
119,1978,Germany,3,2,1,8.0,2.0,5.0,1.4736842105263157,1.2105263157894737,1.4736842105263157,1.2105263157894737,1.0857142857142859,1.6521739130434783,0.3304347826086957,2.035714285714286,1.0,Argentina
120,1978,Hungary,5,2,2,1.0,3.0,1.0,1.4736842105263157,1.2105263157894737,1.4736842105263157,1.2105263157894737,0.6785714285714286,0.8260869565217391,2.4782608695652173,1.6964285714285716,0.0,Argentina
121,1978,Italy,4,8,6,1.0,2.0,1.0,1.4736842105263157,1.2105263157894737,1.4736842105263157,1.2105263157894737,0.6785714285714286,1.1014492753623188,1.6521739130434783,0.4523809523809524,4.0,Argentina
122,1978,Mexico,6,0,1,2.0,6.0,2.0,1.4736842105263157,1.2105263157894737,1.4736842105263157,1.2105263157894737,0.6785714285714286,0.0,2.4782608695652173,4.071428571428572,0.0,Argentina
123,1978,Netherlands,7,13,5,2.0,3.0,2.0,1.4736842105263157,1.2105263157894737,1.4736842105263157,1.2105263157894737,0.6785714285714286,2.1478260869565218,1.2391304347826086,0.95,3.0,Argentina
124,1978,Peru,10,4,4,3.0,2.0,2.0,1.4736842105263157,1.2105263157894737,1.4736842105263157,1.2105263157894737,1.017857142857143,0.8260869565217391,0.8260869565217391,1.6964285714285716,2.0,Argentina
125,1978,Poland,6,5,5,1.0,0.0,1.0,1.4736842105263157,1.2105263157894737,1.4736842105263157,1.2105263157894737,0.6785714285714286,0.8260869565217391,0.0,0.8142857142857143,3.0,Argentina
126,1978,Scotland,6,5,3,0.0,0.0,0.0,1.4736842105263157,1.2105263157894737,1.4736842105263157,1.2105263157894737,0.0,1.3768115942028987,0.0,1.3571428571428572,1.0,Argentina
127,1978,Spain,2,1,2,1.0,0.0,1.0,1.4736842105263157,1.2105263157894737,1.4736842105263157,1.2105263157894737,0.6785714285714286,0.41304347826086957,0.0,0.6785714285714286,1.0,Argentina
128,1978,Sweden,3,1,3,0.0,0.0,0.0,1.4736842105263157,1.2105263157894737,1.4736842105263157,1.2105263157894737,0.0,0.2753623188405797,0.0,0.6785714285714286,0.0,Argentina
129,1978,Tunisia,2,3,3,0.0,0.0,0.0,1.4736842105263157,1.2105263157894737,1.4736842105263157,1.2105263157894737,0.0,0.8260869565217391,0.0,0.4523809523809524,1.0,Argentina
130,1982,Algeria,1,2,1,3.0,4.0,2.0,1.8269230769230769,0.9807692307692307,1.8269230769230769,0.9807692307692307,0.8210526315789474,2.03921568627451,2.03921568627451,0.5473684210526316,2.0,Spain
131,1982,Argentina,2,1,1,7.0,5.0,4.0,1.8269230769230769,0.9807692307692307,1.8269230769230769,0.9807692307692307,0.9578947368421052,1.019607843137255,1.2745098039215688,1.0947368421052632,2.0,Spain
132,1982,Austria,1,3,3,2.0,3.0,2.0,1.8269230769230769,0.9807692307692307,1.8269230769230769,0.9807692307692307,0.5473684210526316,1.019607843137255,1.5294117647058825,0.18245614035087718,2.0,Spain
133,1982,Belgium,3,1,2,2.0,2.0,3.0,1.8269230769230769,0.9807692307692307,1.8269230769230769,0.9807692307692307,0.36491228070175435,0.5098039215686275,0.6797385620915033,0.8210526315789474,2.0,Spain
134,1982,Brazil,4,5,2,10.0,2.0,3.0,1.8269230769230769,0.9807692307692307,1.8269230769230769,0.9807692307692307,1.824561403508772,2.5490196078431375,0.6797385620915033,1.0947368421052632,4.0,Spain
135,1982,Cameroon,1,1,3,0.0,0.0,0.0,1.8269230769230769,0.9807692307692307,1.8269230769230769,0.9807692307692307,0.0,0.33986928104575165,0.0,0.18245614035087718,0.0,Spain
136,1982,Chile,7,3,2,0.0,1.0,1.0,1.8269230769230769,0.9807692307692307,1.8269230769230769,0.9807692307692307,0.0,1.5294117647058825,1.019607843137255,1.9157894736842105,0.0,Spain
137,1982,Czechoslovakia,3,1,2,1.0,1.0,1.0,1.8269230769230769,0.9807692307692307,1.8269230769230769,0.9807692307692307,0.5473684210526316,0.5098039215686275,1.019607843137255,0.8210526315789474,0.0,Spain
138,1982,El Salvador,13,1,3,0.0,0.0,0.0,1.8269230769230769,0.9807692307692307,1.8269230769230769,0.9807692307692307,0.0,0.33986928104575165,0.0,2.3719298245614033,0.0,Spain
139,1982,England,0,0,2,6.0,1.0,3.0,1.8269230769230769,0.9807692307692307,1.8269230769230769,0.9807692307692307,1.0947368421052632,0.0,0.33986928104575165,0.0,3.0,Spain
140,1982,France,9,7,4,9.0,3.0,3.0,1.8269230769230769,0.9807692307692307,1.8269230769230769,0.9807692307692307,1.6421052631578947,1.7843137254901962,1.019607843137255,1.231578947368421,3.0,Spain
141,1982,Germany,4,3,2,9.0,6.0,5.0,1.8269230769230769,0.9807692307692307,1.8269230769230769,0.9807692307692307,0.9852631578947368,1.5294117647058825,1.223529411764706,1.0947368421052632,3.0,Spain
142,1982,Honduras,1,1,1,1.0,2.0,2.0,1.8269230769230769,0.9807692307692307,1.8269230769230769,0.9807692307692307,0.2736842105263158,1.019607843137255,1.019607843137255,0.5473684210526316,0.0,Spain
143,1982,Hungary,5,2,2,10.0,1.0,1.0,1.8269230769230769,0.9807692307692307,1.8269230769230769,0.9807692307692307,5.473684210526316,1.019607843137255,1.019607843137255,1.368421052631579,1.0,Spain
144,1982,Italy,0,2,1,10.0,6.0,6.0,1.8269230769230769,0.9807692307692307,1.8269230769230769,0.9807692307692307,0.912280701754386,2.03921568627451,1.019607843137255,0.0,4.0,Spain
145,1982,Kuwait,6,2,3,0.0,0.0,0.0,1.8269230769230769,0.9807692307692307,1.8269230769230769,0.9807692307692307,0.0,0.6797385620915033,0.0,1.0947368421052632,0.0,Spain
146,1982,New Zealand,12,2,3,0.0,0.0,0.0,1.8269230769230769,0.9807692307692307,1.8269230769230769,0.9807692307692307,0.0,0.6797385620915033,0.0,2.1894736842105265,0.0,Spain
147,1982,Northern Ireland,7,5,5,0.0,0.0,0.0,1.8269230769230769,0.9807692307692307,1.8269230769230769,0.9807692307692307,0.0,1.019607843137255,0.0,0.7663157894736842,1.0,Spain
148,1982,Peru,6,2,2,0.0,0.0,1.0,1.8269230769230769,0.9807692307692307,1.8269230769230769,0.9807692307692307,0.0,1.019607843137255,0.0,1.6421052631578947,0.0,Spain
149,1982,Poland,0,0,1,11.0,5.0,6.0,1.8269230769230769,0.9807692307692307,1.8269230769230769,0.9807692307692307,1.0035087719298246,0.0,0.8496732026143792,0.0,3.0,Spain
150,1982,Russia,2,2,3,5.0,2.0,2.0,1.8269230769230769,0.9807692307692307,1.8269230769230769,0.9807692307692307,1.368421052631579,0.6797385620915033,1.019607843137255,0.36491228070175435,2.0,Spain
151,1982,Scotland,6,3,2,5.0,2.0,1.0,1.8269230769230769,0.9807692307692307,1.8269230769230769,0.9807692307692307,2.736842105263158,1.5294117647058825,2.03921568627451,1.6421052631578947,1.0,Spain
152,1982,Yugoslavia,2,2,2,0.0,0.0,1.0,1.8269230769230769,0.9807692307692307,1.8269230769230769,0.9807692307692307,0.0,1.019607843137255,0.0,0.5473684210526316,1.0,Spain
153,1986,Algeria,1,0,1,1.0,4.0,2.0,1.4615384615384615,1.0769230769230769,1.4615384615384615,1.0769230769230769,0.34210526315789475,0.0,1.8571428571428572,0.6842105263157895,0.0,Mexico
154,1986,Argentina,1,1,1,13.0,4.0,6.0,1.4615384615384615,1.0769230769230769,1.4615384615384615,1.0769230769230769,1.4824561403508771,0.9285714285714286,0.6190476190476191,0.6842105263157895,6.0,Mexico
155,1986,Belgium,15,12,7,0.0,0.0,0.0,1.4615384615384615,1.0769230769230769,1.4615384615384615,1.0769230769230769,0.0,1.5918367346938775,0.0,1.4661654135338347,2.0,Mexico
156,1986,Brazil,0,4,2,6.0,1.0,3.0,1.4615384615384615,1.0769230769230769,1.4615384615384615,1.0769230769230769,1.368421052631579,1.8571428571428572,0.30952380952380953,0.0,4.0,Mexico
157,1986,Bulgaria,5,1,3,1.0,1.0,1.0,1.4615384615384615,1.0769230769230769,1.4615384615384615,1.0769230769230769,0.6842105263157895,0.30952380952380953,0.9285714285714286,1.1403508771929827,0.0,Mexico
158,1986,Canada,4,0,2,0.0,1.0,1.0,1.4615384615384615,1.0769230769230769,1.4615384615384615,1.0769230769230769,0.0,0.0,0.9285714285714286,1.368421052631579,0.0,Mexico
159,1986,Denmark,0,1,1,9.0,6.0,3.0,1.4615384615384615,1.0769230769230769,1.4615384615384615,1.0769230769230769,2.0526315789473686,0.9285714285714286,1.8571428571428572,0.0,3.0,Mexico
160,1986,England,3,1,2,6.0,0.0,3.0,1.4615384615384615,1.0769230769230769,1.4615384615384615,1.0769230769230769,1.368421052631579,0.4642857142857143,0.0,1.0263157894736843,2.0,Mexico
161,1986,France,1,7,4,5.0,5.0,3.0,1.4615384615384615,1.0769230769230769,1.4615384615384615,1.0769230769230769,1.1403508771929827,1.625,1.5476190476190477,0.17105263157894737,4.0,Mexico
162,1986,Germany,6,6,6,2.0,1.0,1.0,1.4615384615384615,1.0769230769230769,1.4615384615384615,1.0769230769230769,1.368421052631579,0.9285714285714286,0.9285714285714286,0.6842105263157895,3.0,Mexico
163,1986,Hungary,6,0,1,2.0,3.0,2.0,1.4615384615384615,1.0769230769230769,1.4615384615384615,1.0769230769230769,0.6842105263157895,0.0,1.392857142857143,4.105263157894737,1.0,Mexico
164,1986,Iraq,2,0,2,1.0,2.0,1.0,1.4615384615384615,1.0769230769230769,1.4615384615384615,1.0769230769230769,0.6842105263157895,0.0,1.8571428571428572,0.6842105263157895,0.0,Mexico
165,1986,Italy,3,4,2,1.0,3.0,2.0,1.4615384615384615,1.0769230769230769,1.4615384615384615,1.0769230769230769,0.34210526315789475,1.8571428571428572,1.392857142857143,1.0263157894736843,1.0,Mexico
166,1986,Morocco,1,3,2,0.0,1.0,2.0,1.4615384615384615,1.0769230769230769,1.4615384615384615,1.0769230769230769,0.0,1.392857142857143,0.4642857142857143,0.34210526315789475,1.0,Mexico
167,1986,Northern Ireland,1,1,1,1.0,5.0,2.0,1.4615384615384615,1.0769230769230769,1.4615384615384615,1.0769230769230769,0.34210526315789475,0.9285714285714286,2.3214285714285716,0.6842105263157895,0.0,Mexico
168,1986,Paraguay,4,1,2,3.0,2.0,2.0,1.4615384615384615,1.0769230769230769,1.4615384615384615,1.0769230769230769,1.0263157894736843,0.4642857142857143,0.9285714285714286,1.368421052631579,1.0,Mexico
169,1986,Poland,7,0,3,1.0,0.0,1.0,1.4615384615384615,1.0769230769230769,1.4615384615384615,1.0769230769230769,0.6842105263157895,0.0,0.0,1.5964912280701757,1.0,Mexico
170,1986,Portugal,1,0,1,2.0,3.0,2.0,1.4615384615384615,1.0769230769230769,1.4615384615384615,1.0769230769230769,0.6842105263157895,0.0,1.392857142857143,0.6842105263157895,1.0,Mexico
171,1986,Russia,1,1,1,11.0,4.0,3.0,1.4615384615384615,1.0769230769230769,1.4615384615384615,1.0769230769230769,2.5087719298245617,0.9285714285714286,1.2380952380952381,0.6842105263157895,2.0,Mexico
172,1986,Scotland,2,1,1,0.0,1.0,2.0,1.4615384615384615,1.0769230769230769,1.4615384615384615,1.0769230769230769,0.0,0.9285714285714286,0.4642857142857143,1.368421052631579,0.0,Mexico
173,1986,South Korea,3,1,1,3.0,4.0,2.0,1.4615384615384615,1.0769230769230769,1.4615384615384615,1.0769230769230769,1.0263157894736843,0.9285714285714286,1.8571428571428572,2.0526315789473686,0.0,Mexico
174,1986,Spain,2,10,3,1.0,2.0,2.0,1.4615384615384615,1.0769230769230769,1.4615384615384615,1.0769230769230769,0.34210526315789475,3.0952380952380953,0.9285714285714286,0.45614035087719296,3.0,Mexico
175,1986,Uruguay,7,1,3,1.0,1.0,1.0,1.4615384615384615,1.0769230769230769,1.4615384615384615,1.0769230769230769,0.6842105263157895,0.30952380952380953,0.9285714285714286,1.5964912280701757,0.0,Mexico
176,1990,Argentina,2,2,4,3.0,2.0,3.0,1.2692307692307692,0.9423076923076923,1.2692307692307692,0.9423076923076923,0.787878787878788,0.5306122448979592,0.7074829931972789,0.393939393939394,2.0,Italy
177,1990,Austria,1,0,1,2.0,2.0,2.0,1.2692307692307692,0.9423076923076923,1.2692307692307692,0.9423076923076923,0.787878787878788,0.0,1.0612244897959184,0.787878787878788,1.0,Italy
178,1990,Belgium,1,0,1,6.0,3.0,3.0,1.2692307692307692,0.9423076923076923,1.2692307692307692,0.9423076923076923,1.575757575757576,0.0,1.0612244897959184,0.787878787878788,2.0,Italy
179,1990,Cameroon,0,1,1,6.0,9.0,4.0,1.2692307692307692,0.9423076923076923,1.2692307692307692,0.9423076923076923,1.1818181818181819,1.0612244897959184,2.3877551020408165,0.0,3.0,Italy
180,1990,Colombia,4,4,4,0.0,0.0,0.0,1.2692307692307692,0.9423076923076923,1.2692307692307692,0.9423076923076923,0.0,1.0612244897959184,0.0,0.787878787878788,1.0,Italy
181,1990,Costa Rica,6,3,3,1.0,0.0,1.0,1.2692307692307692,0.9423076923076923,1.2692307692307692,0.9423076923076923,0.787878787878788,1.0612244897959184,0.0,1.575757575757576,2.0,Italy
182,1990,Czechoslovakia,4,6,4,4.0,1.0,1.0,1.2692307692307692,0.9423076923076923,1.2692307692307692,0.9423076923076923,3.151515151515152,1.5918367346938775,1.0612244897959184,0.787878787878788,3.0,Italy
183,1990,Egypt,2,1,3,0.0,0.0,0.0,1.2692307692307692,0.9423076923076923,1.2692307692307692,0.9423076923076923,0.0,0.35374149659863946,0.0,0.5252525252525253,0.0,Italy
184,1990,England,5,5,3,3.0,1.0,4.0,1.2692307692307692,0.9423076923076923,1.2692307692307692,0.9423076923076923,0.5909090909090909,1.7687074829931975,0.2653061224489796,1.3131313131313134,3.0,Italy
185,1990,Netherlands,3,2,3,1.0,1.0,1.0,1.2692307692307692,0.9423076923076923,1.2692307692307692,0.9423076923076923,0.787878787878788,0.7074829931972789,1.0612244897959184,0.787878787878788,0.0,Italy
186,1990,Republic of Ireland,2,1,2,1.0,1.0,3.0,1.2692307692307692,0.9423076923076923,1.2692307692307692,0.9423076923076923,0.26262626262626265,0.5306122448979592,0.35374149659863946,0.787878787878788,0.0,Italy
187,1990,Romania,3,4,4,0.0,0.0,0.0,1.2692307692307692,0.9423076923076923,1.2692307692307692,0.9423076923076923,0.0,1.0612244897959184,0.0,0.5909090909090909,1.0,Italy
188,1990,Russia,2,4,2,0.0,2.0,1.0,1.2692307692307692,0.9423076923076923,1.2692307692307692,0.9423076923076923,0.0,2.122448979591837,2.122448979591837,0.787878787878788,1.0,Italy
189,1990,Scotland,3,2,3,0.0,0.0,0.0,1.2692307692307692,0.9423076923076923,1.2692307692307692,0.9423076923076923,0.0,0.7074829931972789,0.0,0.787878787878788,1.0,Italy
190,1990,South Korea,2,0,1,1.0,4.0,2.0,1.2692307692307692,0.9423076923076923,1.2692307692307692,0.9423076923076923,0.393939393939394,0.0,2.122448979591837,1.575757575757576,0.0,Italy
191,1990,Spain,2,5,3,1.0,2.0,1.0,1.2692307692307692,0.9423076923076923,1.2692307692307692,0.9423076923076923,0.787878787878788,1.7687074829931975,2.122448979591837,0.5252525252525253,2.0,Italy
192,1990,Sweden,2,1,1,2.0,4.0,2.0,1.2692307692307692,0.9423076923076923,1.2692307692307692,0.9423076923076923,0.787878787878788,1.0612244897959184,2.122448979591837,1.575757575757576,0.0,Italy
193,1990,United Arab Emirates,9,2,2,0.0,2.0,1.0,1.2692307692307692,0.9423076923076923,1.2692307692307692,0.9423076923076923,0.0,1.0612244897959184,2.122448979591837,3.545454545454546,0.0,Italy
194,1990,United States,3,1,2,1.0,5.0,1.0,1.2692307692307692,0.9423076923076923,1.2692307692307692,0.9423076923076923,0.787878787878788,0.5306122448979592,5.3061224489795915,1.1818181818181819,0.0,Italy
195,1990,Uruguay,5,2,3,0.0,0.0,1.0,1.2692307692307692,0.9423076923076923,1.2692307692307692,0.9423076923076923,0.0,0.7074829931972789,0.0,1.3131313131313134,1.0,Italy
196,1990,Yugoslavia,5,3,2,5.0,1.0,3.0,1.2692307692307692,0.9423076923076923,1.2692307692307692,0.9423076923076923,1.3131313131313134,1.5918367346938775,0.35374149659863946,1.9696969696969697,3.0,Italy
197,1994,Argentina,3,2,1,6.0,3.0,3.0,1.5769230769230769,1.1346153846153846,1.5769230769230769,1.1346153846153846,1.2682926829268293,1.7627118644067796,0.8813559322033898,1.902439024390244,2.0,United States
198,1994,Belgium,3,2,1,2.0,1.0,3.0,1.5769230769230769,1.1346153846153846,1.5769230769230769,1.1346153846153846,0.4227642276422764,1.7627118644067796,0.2937853107344633,1.902439024390244,2.0,United States
199,1994,Bolivia,1,0,2,1.0,3.0,1.0,1.5769230769230769,1.1346153846153846,1.5769230769230769,1.1346153846153846,0.6341463414634146,0.0,2.6440677966101696,0.3170731707317073,0.0,United States
200,1994,Brazil,2,5,3,6.0,1.0,4.0,1.5769230769230769,1.1346153846153846,1.5769230769230769,1.1346153846153846,0.951219512195122,1.4689265536723164,0.22033898305084745,0.4227642276422764,5.0,United States
201,1994,Bulgaria,8,3,4,7.0,3.0,3.0,1.5769230769230769,1.1346153846153846,1.5769230769230769,1.1346153846153846,1.4796747967479675,0.6610169491525424,0.8813559322033898,1.2682926829268293,3.0,United States
202,1994,Cameroon,9,1,2,2.0,2.0,1.0,1.5769230769230769,1.1346153846153846,1.5769230769230769,1.1346153846153846,1.2682926829268293,0.4406779661016949,1.7627118644067796,2.853658536585366,0.0,United States
203,1994,Colombia,2,3,2,1.0,3.0,1.0,1.5769230769230769,1.1346153846153846,1.5769230769230769,1.1346153846153846,0.6341463414634146,1.3220338983050848,2.6440677966101696,0.6341463414634146,1.0,United States
204,1994,Germany,2,1,1,8.0,5.0,4.0,1.5769230769230769,1.1346153846153846,1.5769230769230769,1.1346153846153846,1.2682926829268293,0.8813559322033898,1.1016949152542372,1.2682926829268293,3.0,United States
205,1994,Greece,8,0,2,0.0,2.0,1.0,1.5769230769230769,1.1346153846153846,1.5769230769230769,1.1346153846153846,0.0,0.0,1.7627118644067796,2.5365853658536586,0.0,United States
206,1994,Italy,2,4,3,4.0,3.0,4.0,1.5769230769230769,1.1346153846153846,1.5769230769230769,1.1346153846153846,0.6341463414634146,1.1751412429378532,0.6610169491525424,0.4227642276422764,4.0,United States
207,1994,Mexico,2,1,2,3.0,2.0,2.0,1.5769230769230769,1.1346153846153846,1.5769230769230769,1.1346153846153846,0.951219512195122,0.4406779661016949,0.8813559322033898,0.6341463414634146,1.0,United States
208,1994,Morocco,3,1,2,1.0,2.0,1.0,1.5769230769230769,1.1346153846153846,1.5769230769230769,1.1346153846153846,0.6341463414634146,0.4406779661016949,1.7627118644067796,0.951219512195122,0.0,United States
209,1994,Netherlands,2,2,2,6.0,4.0,3.0,1.5769230769230769,1.1346153846153846,1.5769230769230769,1.1346153846153846,1.2682926829268293,0.8813559322033898,1.1751412429378532,0.6341463414634146,3.0,United States
210,1994,Nigeria,2,3,2,4.0,2.0,2.0,1.5769230769230769,1.1346153846153846,1.5769230769230769,1.1346153846153846,1.2682926829268293,1.3220338983050848,0.8813559322033898,0.6341463414634146,2.0,United States
211,1994,Norway,1,0,2,1.0,0.0,1.0,1.5769230769230769,1.1346153846153846,1.5769230769230769,1.1346153846153846,0.6341463414634146,0.0,0.0,0.3170731707317073,1.0,United States
212,1994,Republic of Ireland,4,2,3,0.0,0.0,1.0,1.5769230769230769,1.1346153846153846,1.5769230769230769,1.1346153846153846,0.0,0.5875706214689266,0.0,0.8455284552845528,1.0,United States
213,1994,Romania,1,4,2,6.0,8.0,3.0,1.5769230769230769,1.1346153846153846,1.5769230769230769,1.1346153846153846,1.2682926829268293,1.7627118644067796,2.3502824858757063,0.3170731707317073,3.0,United States
214,1994,Russia,5,1,2,6.0,1.0,1.0,1.5769230769230769,1.1346153846153846,1.5769230769230769,1.1346153846153846,3.804878048780488,0.4406779661016949,0.8813559322033898,1.5853658536585367,1.0,United States
215,1994,Saudi Arabia,2,2,2,3.0,4.0,2.0,1.5769230769230769,1.1346153846153846,1.5769230769230769,1.1346153846153846,0.951219512195122,0.8813559322033898,1.7627118644067796,0.6341463414634146,2.0,United States
216,1994,South Korea,5,4,2,0.0,0.0,1.0,1.5769230769230769,1.1346153846153846,1.5769230769230769,1.1346153846153846,0.0,1.7627118644067796,0.0,1.5853658536585367,0.0,United States
217,1994,Spain,4,5,3,5.0,2.0,2.0,1.5769230769230769,1.1346153846153846,1.5769230769230769,1.1346153846153846,1.5853658536585367,1.4689265536723164,0.8813559322033898,0.8455284552845528,2.0,United States
218,1994,Sweden,6,8,4,7.0,2.0,3.0,1.5769230769230769,1.1346153846153846,1.5769230769230769,1.1346153846153846,1.4796747967479675,1.7627118644067796,0.5875706214689266,0.951219512195122,3.0,United States
219,1994,Switzerland,5,5,3,0.0,2.0,1.0,1.5769230769230769,1.1346153846153846,1.5769230769230769,1.1346153846153846,0.0,1.4689265536723164,1.7627118644067796,1.056910569105691,1.0,United States
220,1998,Argentina,2,1,1,9.0,2.0,4.0,1.578125,1.09375,1.578125,1.09375,1.4257425742574257,0.9142857142857143,0.45714285714285713,1.2673267326732673,3.0,France
221,1998,Austria,4,3,3,0.0,0.0,0.0,1.578125,1.09375,1.578125,1.09375,0.0,0.9142857142857143,0.0,0.8448844884488448,0.0,France
222,1998,Belgium,0,0,1,3.0,3.0,2.0,1.578125,1.09375,1.578125,1.09375,0.9504950495049505,0.0,1.3714285714285714,0.0,0.0,France
223,1998,Brazil,3,0,1,14.0,7.0,6.0,1.578125,1.09375,1.578125,1.09375,1.4785478547854787,0.0,1.0666666666666667,1.900990099009901,4.0,France
224,1998,Bulgaria,7,1,3,0.0,0.0,0.0,1.578125,1.09375,1.578125,1.09375,0.0,0.30476190476190473,0.0,1.4785478547854787,0.0,France
225,1998,Cameroon,4,1,2,1.0,1.0,1.0,1.578125,1.09375,1.578125,1.09375,0.6336633663366337,0.45714285714285713,0.9142857142857143,1.2673267326732673,0.0,France
226,1998,Chile,6,3,2,2.0,2.0,2.0,1.578125,1.09375,1.578125,1.09375,0.6336633663366337,1.3714285714285714,0.9142857142857143,1.900990099009901,0.0,France
227,1998,Colombia,1,0,1,1.0,2.0,2.0,1.578125,1.09375,1.578125,1.09375,0.31683168316831684,0.0,0.9142857142857143,0.6336633663366337,1.0,France
228,1998,Croatia,5,11,7,0.0,0.0,0.0,1.578125,1.09375,1.578125,1.09375,0.0,1.436734693877551,0.0,0.45261669024045265,5.0,France
229,1998,Denmark,7,9,5,0.0,0.0,0.0,1.578125,1.09375,1.578125,1.09375,0.0,1.6457142857142857,0.0,0.887128712871287,2.0,France
230,1998,England,4,5,3,2.0,0.0,1.0,1.578125,1.09375,1.578125,1.09375,1.2673267326732673,1.523809523809524,0.0,0.8448844884488448,2.0,France
231,1998,Iran,4,2,3,0.0,0.0,0.0,1.578125,1.09375,1.578125,1.09375,0.0,0.6095238095238095,0.0,0.8448844884488448,1.0,France
232,1998,Italy,0,0,1,8.0,3.0,4.0,1.578125,1.09375,1.578125,1.09375,1.2673267326732673,0.0,0.6857142857142857,0.0,3.0,France
233,1998,Jamaica,6,2,2,1.0,3.0,1.0,1.578125,1.09375,1.578125,1.09375,0.6336633663366337,0.9142857142857143,2.742857142857143,1.900990099009901,1.0,France
234,1998,Japan,1,0,1,1.0,3.0,2.0,1.578125,1.09375,1.578125,1.09375,0.31683168316831684,0.0,1.3714285714285714,0.6336633663366337,0.0,France
235,1998,Mexico,7,8,4,0.0,0.0,0.0,1.578125,1.09375,1.578125,1.09375,0.0,1.8285714285714285,0.0,1.108910891089109,1.0,France
236,1998,Morocco,3,3,2,2.0,2.0,1.0,1.578125,1.09375,1.578125,1.09375,1.2673267326732673,1.3714285714285714,1.8285714285714285,0.9504950495049505,1.0,France
237,1998,Netherlands,1,1,1,12.0,6.0,6.0,1.578125,1.09375,1.578125,1.09375,1.2673267326732673,0.9142857142857143,0.9142857142857143,0.6336633663366337,3.0,France
238,1998,Nigeria,2,3,1,3.0,7.0,3.0,1.578125,1.09375,1.578125,1.09375,0.6336633663366337,2.742857142857143,2.1333333333333333,1.2673267326732673,2.0,France
239,1998,Norway,5,5,4,0.0,0.0,0.0,1.578125,1.09375,1.578125,1.09375,0.0,1.1428571428571428,0.0,0.7920792079207921,1.0,France
240,1998,Paraguay,2,3,3,0.0,0.0,1.0,1.578125,1.09375,1.578125,1.09375,0.0,0.9142857142857143,0.0,0.4224422442244224,1.0,France
241,1998,Saudi Arabia,6,2,2,0.0,1.0,1.0,1.578125,1.09375,1.578125,1.09375,0.0,0.9142857142857143,0.9142857142857143,1.900990099009901,0.0,France
242,1998,Scotland,2,1,1,1.0,4.0,2.0,1.578125,1.09375,1.578125,1.09375,0.31683168316831684,0.9142857142857143,1.8285714285714285,1.2673267326732673,0.0,France
243,1998,Serbia,4,4,3,1.0,0.0,1.0,1.578125,1.09375,1.578125,1.09375,0.6336633663366337,1.219047619047619,0.0,0.8448844884488448,2.0,France
244,1998,South Africa,3,0,1,3.0,3.0,2.0,1.578125,1.09375,1.578125,1.09375,0.9504950495049505,0.0,1.3714285714285714,1.900990099009901,0.0,France
245,1998,South Korea,6,1,2,1.0,3.0,1.0,1.578125,1.09375,1.578125,1.09375,0.6336633663366337,0.45714285714285713,2.742857142857143,1.900990099009901,0.0,France
246,1998,Tunisia,4,1,3,0.0,0.0,0.0,1.578125,1.09375,1.578125,1.09375,0.0,0.30476190476190473,0.0,0.8448844884488448,0.0,France
247,1998,United States,2,0,1,1.0,3.0,2.0,1.578125,1.09375,1.578125,1.09375,0.31683168316831684,0.0,1.3714285714285714,1.2673267326732673,0.0,France
248,2002,Argentina,1,1,1,1.0,1.0,2.0,1.421875,1.09375,1.421875,1.09375,0.3516483516483517,0.9142857142857143,0.45714285714285713,0.7032967032967034,1.0,South Korea
249,2002,Argentina,1,1,1,1.0,1.0,2.0,1.421875,1.09375,1.421875,1.09375,0.3516483516483517,0.9142857142857143,0.45714285714285713,0.7032967032967034,1.0,Japan
250,2002,Belgium,5,3,3,3.0,2.0,1.0,1.421875,1.09375,1.421875,1.09375,2.10989010989011,0.9142857142857143,1.8285714285714285,1.1721611721611722,1.0,South Korea
251,2002,Belgium,5,3,3,3.0,2.0,1.0,1.421875,1.09375,1.421875,1.09375,2.10989010989011,0.9142857142857143,1.8285714285714285,1.1721611721611722,1.0,Japan
252,2002,Brazil,3,9,3,9.0,1.0,4.0,1.421875,1.09375,1.421875,1.09375,1.5824175824175823,2.742857142857143,0.22857142857142856,0.7032967032967034,7.0,South Korea
253,2002,Brazil,3,9,3,9.0,1.0,4.0,1.421875,1.09375,1.421875,1.09375,1.5824175824175823,2.742857142857143,0.22857142857142856,0.7032967032967034,7.0,Japan
254,2002,Cameroon,1,1,1,1.0,2.0,2.0,1.421875,1.09375,1.421875,1.09375,0.3516483516483517,0.9142857142857143,0.9142857142857143,0.7032967032967034,1.0,South Korea
255,2002,Cameroon,1,1,1,1.0,2.0,2.0,1.421875,1.09375,1.421875,1.09375,0.3516483516483517,0.9142857142857143,0.9142857142857143,0.7032967032967034,1.0,Japan
256,2002,China PR,7,0,2,0.0,2.0,1.0,1.421875,1.09375,1.421875,1.09375,0.0,0.0,1.8285714285714285,2.4615384615384617,0.0,South Korea
257,2002,China PR,7,0,2,0.0,2.0,1.0,1.421875,1.09375,1.421875,1.09375,0.0,0.0,1.8285714285714285,2.4615384615384617,0.0,Japan
258,2002,Costa Rica,0,2,1,3.0,6.0,2.0,1.421875,1.09375,1.421875,1.09375,1.054945054945055,1.8285714285714285,2.742857142857143,0.0,1.0,South Korea
259,2002,Costa Rica,0,2,1,3.0,6.0,2.0,1.421875,1.09375,1.421875,1.09375,1.054945054945055,1.8285714285714285,2.742857142857143,0.0,1.0,Japan
260,2002,Croatia,2,2,2,0.0,1.0,1.0,1.421875,1.09375,1.421875,1.09375,0.0,0.9142857142857143,0.9142857142857143,0.7032967032967034,1.0,South Korea
261,2002,Croatia,2,2,2,0.0,1.0,1.0,1.421875,1.09375,1.421875,1.09375,0.0,0.9142857142857143,0.9142857142857143,0.7032967032967034,1.0,Japan
262,2002,Denmark,1,2,1,3.0,4.0,3.0,1.421875,1.09375,1.421875,1.09375,0.7032967032967034,1.8285714285714285,1.219047619047619,0.7032967032967034,2.0,South Korea
263,2002,Denmark,1,2,1,3.0,4.0,3.0,1.421875,1.09375,1.421875,1.09375,0.7032967032967034,1.8285714285714285,1.219047619047619,0.7032967032967034,2.0,Japan
264,2002,Ecuador,4,1,2,1.0,0.0,1.0,1.421875,1.09375,1.421875,1.09375,0.7032967032967034,0.45714285714285713,0.0,1.4065934065934067,1.0,South Korea
265,2002,Ecuador,4,1,2,1.0,0.0,1.0,1.421875,1.09375,1.421875,1.09375,0.7032967032967034,0.45714285714285713,0.0,1.4065934065934067,1.0,Japan
266,2002,England,0,4,3,2.0,3.0,2.0,1.421875,1.09375,1.421875,1.09375,0.7032967032967034,1.219047619047619,1.3714285714285714,0.0,2.0,South Korea
267,2002,England,0,4,3,2.0,3.0,2.0,1.421875,1.09375,1.421875,1.09375,0.7032967032967034,1.219047619047619,1.3714285714285714,0.0,2.0,Japan
268,2002,France,2,0,1,0.0,1.0,2.0,1.421875,1.09375,1.421875,1.09375,0.0,0.0,0.45714285714285713,1.4065934065934067,0.0,South Korea
269,2002,France,2,0,1,0.0,1.0,2.0,1.421875,1.09375,1.421875,1.09375,0.0,0.0,0.45714285714285713,1.4065934065934067,0.0,Japan
270,2002,Germany,0,3,2,11.0,3.0,5.0,1.421875,1.09375,1.421875,1.09375,1.5472527472527473,1.3714285714285714,0.5485714285714286,0.0,5.0,South Korea
271,2002,Germany,0,3,2,11.0,3.0,5.0,1.421875,1.09375,1.421875,1.09375,1.5472527472527473,1.3714285714285714,0.5485714285714286,0.0,5.0,Japan
272,2002,Italy,3,2,2,3.0,2.0,2.0,1.421875,1.09375,1.421875,1.09375,1.054945054945055,0.9142857142857143,0.9142857142857143,1.054945054945055,1.0,South Korea
273,2002,Italy,3,2,2,3.0,2.0,2.0,1.421875,1.09375,1.421875,1.09375,1.054945054945055,0.9142857142857143,0.9142857142857143,1.054945054945055,1.0,Japan
274,2002,Mexico,0,1,1,3.0,4.0,3.0,1.421875,1.09375,1.421875,1.09375,0.7032967032967034,0.9142857142857143,1.219047619047619,0.0,2.0,South Korea
275,2002,Mexico,0,1,1,3.0,4.0,3.0,1.421875,1.09375,1.421875,1.09375,0.7032967032967034,0.9142857142857143,1.219047619047619,0.0,2.0,Japan
276,2002,Nigeria,3,1,2,0.0,0.0,1.0,1.421875,1.09375,1.421875,1.09375,0.0,0.45714285714285713,0.0,1.054945054945055,0.0,South Korea
277,2002,Nigeria,3,1,2,0.0,0.0,1.0,1.421875,1.09375,1.421875,1.09375,0.0,0.45714285714285713,0.0,1.054945054945055,0.0,Japan
278,2002,Paraguay,5,4,3,2.0,2.0,1.0,1.421875,1.09375,1.421875,1.09375,1.4065934065934067,1.219047619047619,1.8285714285714285,1.1721611721611722,1.0,South Korea
279,2002,Paraguay,5,4,3,2.0,2.0,1.0,1.421875,1.09375,1.421875,1.09375,1.4065934065934067,1.219047619047619,1.8285714285714285,1.1721611721611722,1.0,Japan
280,2002,Poland,6,0,2,3.0,1.0,1.0,1.421875,1.09375,1.421875,1.09375,2.10989010989011,0.0,0.9142857142857143,2.10989010989011,1.0,South Korea
281,2002,Poland,6,0,2,3.0,1.0,1.0,1.421875,1.09375,1.421875,1.09375,2.10989010989011,0.0,0.9142857142857143,2.10989010989011,1.0,Japan
282,2002,Portugal,4,2,2,4.0,0.0,1.0,1.421875,1.09375,1.421875,1.09375,2.8131868131868134,0.9142857142857143,0.0,1.4065934065934067,1.0,South Korea
283,2002,Portugal,4,2,2,4.0,0.0,1.0,1.421875,1.09375,1.421875,1.09375,2.8131868131868134,0.9142857142857143,0.0,1.4065934065934067,1.0,Japan
284,2002,Republic of Ireland,2,5,3,1.0,1.0,1.0,1.421875,1.09375,1.421875,1.09375,0.7032967032967034,1.523809523809524,0.9142857142857143,0.46886446886446886,1.0,South Korea
285,2002,Republic of Ireland,2,5,3,1.0,1.0,1.0,1.421875,1.09375,1.421875,1.09375,0.7032967032967034,1.523809523809524,0.9142857142857143,0.46886446886446886,1.0,Japan
286,2002,Russia,4,2,2,2.0,0.0,1.0,1.421875,1.09375,1.421875,1.09375,1.4065934065934067,0.9142857142857143,0.0,1.4065934065934067,1.0,South Korea
287,2002,Russia,4,2,2,2.0,0.0,1.0,1.421875,1.09375,1.421875,1.09375,1.4065934065934067,0.9142857142857143,0.0,1.4065934065934067,1.0,Japan
288,2002,Saudi Arabia,9,0,2,0.0,3.0,1.0,1.421875,1.09375,1.421875,1.09375,0.0,0.0,2.742857142857143,3.1648351648351647,0.0,South Korea
289,2002,Saudi Arabia,9,0,2,0.0,3.0,1.0,1.421875,1.09375,1.421875,1.09375,0.0,0.0,2.742857142857143,3.1648351648351647,0.0,Japan
290,2002,Senegal,2,4,3,3.0,4.0,2.0,1.421875,1.09375,1.421875,1.09375,1.054945054945055,1.219047619047619,1.8285714285714285,0.46886446886446886,2.0,South Korea
291,2002,Senegal,2,4,3,3.0,4.0,2.0,1.421875,1.09375,1.421875,1.09375,1.054945054945055,1.219047619047619,1.8285714285714285,0.46886446886446886,2.0,Japan
292,2002,Slovenia,4,1,2,1.0,3.0,1.0,1.421875,1.09375,1.421875,1.09375,0.7032967032967034,0.45714285714285713,2.742857142857143,1.4065934065934067,0.0,South Korea
293,2002,Slovenia,4,1,2,1.0,3.0,1.0,1.421875,1.09375,1.421875,1.09375,0.7032967032967034,0.45714285714285713,2.742857142857143,1.4065934065934067,0.0,Japan
294,2002,South Africa,2,2,1,3.0,3.0,2.0,1.421875,1.09375,1.421875,1.09375,1.054945054945055,1.8285714285714285,1.3714285714285714,1.4065934065934067,1.0,South Korea
295,2002,South Africa,2,2,1,3.0,3.0,2.0,1.421875,1.09375,1.421875,1.09375,1.054945054945055,1.8285714285714285,1.3714285714285714,1.4065934065934067,1.0,Japan
296,2002,Spain,2,3,2,7.0,3.0,3.0,1.421875,1.09375,1.421875,1.09375,1.6410256410256412,1.3714285714285714,0.9142857142857143,0.7032967032967034,3.0,South Korea
297,2002,Spain,2,3,2,7.0,3.0,3.0,1.421875,1.09375,1.421875,1.09375,1.6410256410256412,1.3714285714285714,0.9142857142857143,0.7032967032967034,3.0,Japan
298,2002,Sweden,1,1,1,4.0,4.0,3.0,1.421875,1.09375,1.421875,1.09375,0.9377289377289377,0.9142857142857143,1.219047619047619,0.7032967032967034,1.0,South Korea
299,2002,Sweden,1,1,1,4.0,4.0,3.0,1.421875,1.09375,1.421875,1.09375,0.9377289377289377,0.9142857142857143,1.219047619047619,0.7032967032967034,1.0,Japan
300,2002,Tunisia,4,0,2,1.0,1.0,1.0,1.421875,1.09375,1.421875,1.09375,0.7032967032967034,0.0,0.9142857142857143,1.4065934065934067,0.0,South Korea
301,2002,Tunisia,4,0,2,1.0,1.0,1.0,1.421875,1.09375,1.421875,1.09375,0.7032967032967034,0.0,0.9142857142857143,1.4065934065934067,0.0,Japan
302,2002,Turkey,6,7,6,3.0,0.0,1.0,1.421875,1.09375,1.421875,1.09375,2.10989010989011,1.0666666666666667,0.0,0.7032967032967034,4.0,South Korea
303,2002,Turkey,6,7,6,3.0,0.0,1.0,1.421875,1.09375,1.421875,1.09375,2.10989010989011,1.0666666666666667,0.0,0.7032967032967034,4.0,Japan
304,2002,United States,5,4,4,3.0,2.0,1.0,1.421875,1.09375,1.421875,1.09375,2.10989010989011,0.9142857142857143,1.8285714285714285,0.8791208791208791,2.0,South Korea
305,2002,United States,5,4,4,3.0,2.0,1.0,1.421875,1.09375,1.421875,1.09375,2.10989010989011,0.9142857142857143,1.8285714285714285,0.8791208791208791,2.0,Japan
306,2002,Uruguay,3,3,2,1.0,2.0,1.0,1.421875,1.09375,1.421875,1.09375,0.7032967032967034,1.3714285714285714,1.8285714285714285,1.054945054945055,0.0,South Korea
307,2002,Uruguay,3,3,2,1.0,2.0,1.0,1.421875,1.09375,1.421875,1.09375,0.7032967032967034,1.3714285714285714,1.8285714285714285,1.054945054945055,0.0,Japan
308,2006,Angola,1,1,2,0.0,1.0,1.0,1.390625,0.90625,1.390625,0.90625,0.0,0.5517241379310345,1.103448275862069,0.3595505617977528,0.0,Germany
309,2006,Argentina,1,1,2,10.0,2.0,3.0,1.390625,0.90625,1.390625,0.90625,2.397003745318352,0.5517241379310345,0.735632183908046,0.3595505617977528,3.0,Germany
310,2006,Australia,5,2,3,3.0,1.0,1.0,1.390625,0.90625,1.390625,0.90625,2.157303370786517,0.735632183908046,1.103448275862069,1.198501872659176,1.0,Germany
311,2006,Brazil,1,4,1,6.0,1.0,4.0,1.390625,0.90625,1.390625,0.90625,1.0786516853932584,4.413793103448276,0.27586206896551724,0.7191011235955056,4.0,Germany
312,2006,Costa Rica,7,2,2,1.0,2.0,1.0,1.390625,0.90625,1.390625,0.90625,0.7191011235955056,1.103448275862069,2.206896551724138,2.5168539325842696,0.0,Germany
313,2006,Croatia,1,0,2,2.0,2.0,1.0,1.390625,0.90625,1.390625,0.90625,1.4382022471910112,0.0,2.206896551724138,0.3595505617977528,0.0,Germany
314,2006,Czech Republic,0,3,1,0.0,4.0,2.0,1.390625,0.90625,1.390625,0.90625,0.0,3.310344827586207,2.206896551724138,0.0,1.0,Germany
315,2006,Ecuador,4,2,3,3.0,0.0,1.0,1.390625,0.90625,1.390625,0.90625,2.157303370786517,0.735632183908046,0.0,0.9588014981273407,2.0,Germany
316,2006,England,2,2,1,4.0,0.0,4.0,1.390625,0.90625,1.390625,0.90625,0.7191011235955056,2.206896551724138,0.0,1.4382022471910112,3.0,Germany
317,2006,France,2,8,5,1.0,1.0,2.0,1.390625,0.90625,1.390625,0.90625,0.3595505617977528,1.7655172413793105,0.5517241379310345,0.2876404494382023,4.0,Germany
318,2006,Ghana,5,2,3,2.0,1.0,1.0,1.390625,0.90625,1.390625,0.90625,1.4382022471910112,0.735632183908046,1.103448275862069,1.198501872659176,2.0,Germany
319,2006,Iran,5,1,2,1.0,1.0,1.0,1.390625,0.90625,1.390625,0.90625,0.7191011235955056,0.5517241379310345,1.103448275862069,1.797752808988764,0.0,Germany
320,2006,Italy,0,4,2,8.0,2.0,5.0,1.390625,0.90625,1.390625,0.90625,1.150561797752809,2.206896551724138,0.44137931034482764,0.0,5.0,Germany
321,2006,Ivory Coast,4,2,2,3.0,2.0,1.0,1.390625,0.90625,1.390625,0.90625,2.157303370786517,1.103448275862069,2.206896551724138,1.4382022471910112,1.0,Germany
322,2006,Japan,3,1,1,1.0,4.0,2.0,1.390625,0.90625,1.390625,0.90625,0.3595505617977528,1.103448275862069,2.206896551724138,2.157303370786517,0.0,Germany
323,2006,Mexico,4,2,2,3.0,1.0,2.0,1.390625,0.90625,1.390625,0.90625,1.0786516853932584,1.103448275862069,0.5517241379310345,1.4382022471910112,1.0,Germany
324,2006,Netherlands,1,1,2,2.0,1.0,2.0,1.390625,0.90625,1.390625,0.90625,0.7191011235955056,0.5517241379310345,0.5517241379310345,0.3595505617977528,2.0,Germany
325,2006,Paraguay,2,0,2,2.0,0.0,1.0,1.390625,0.90625,1.390625,0.90625,1.4382022471910112,0.0,0.0,0.7191011235955056,1.0,Germany
326,2006,Poland,2,2,2,0.0,2.0,1.0,1.390625,0.90625,1.390625,0.90625,0.0,1.103448275862069,2.206896551724138,0.7191011235955056,1.0,Germany
327,2006,Portugal,3,2,3,5.0,2.0,4.0,1.390625,0.90625,1.390625,0.90625,0.898876404494382,0.735632183908046,0.5517241379310345,0.7191011235955056,4.0,Germany
328,2006,Saudi Arabia,2,2,1,0.0,5.0,2.0,1.390625,0.90625,1.390625,0.90625,0.0,2.206896551724138,2.7586206896551726,1.4382022471910112,0.0,Germany
329,2006,Serbia,9,2,2,0.0,1.0,1.0,1.390625,0.90625,1.390625,0.90625,0.0,1.103448275862069,1.103448275862069,3.235955056179775,0.0,Germany
330,2006,South Korea,3,1,2,2.0,1.0,1.0,1.390625,0.90625,1.390625,0.90625,1.4382022471910112,0.5517241379310345,1.103448275862069,1.0786516853932584,1.0,Germany
331,2006,Spain,0,1,1,8.0,4.0,3.0,1.390625,0.90625,1.390625,0.90625,1.9176029962546814,1.103448275862069,1.471264367816092,0.0,3.0,Germany
332,2006,Sweden,2,0,2,3.0,2.0,2.0,1.390625,0.90625,1.390625,0.90625,1.0786516853932584,0.0,1.103448275862069,0.7191011235955056,1.0,Germany
333,2006,Switzerland,0,2,2,2.0,0.0,2.0,1.390625,0.90625,1.390625,0.90625,0.7191011235955056,1.103448275862069,0.0,0.0,2.0,Germany
334,2006,Togo,2,1,1,0.0,4.0,2.0,1.390625,0.90625,1.390625,0.90625,0.0,1.103448275862069,2.206896551724138,1.4382022471910112,0.0,Germany
335,2006,Trinidad and Tobago,4,0,2,0.0,0.0,1.0,1.390625,0.90625,1.390625,0.90625,0.0,0.0,0.0,1.4382022471910112,0.0,Germany
336,2006,Tunisia,4,1,2,2.0,2.0,1.0,1.390625,0.90625,1.390625,0.90625,1.4382022471910112,0.5517241379310345,2.206896551724138,1.4382022471910112,0.0,Germany
337,2006,Ukraine,7,4,4,1.0,0.0,1.0,1.390625,0.90625,1.390625,0.90625,0.7191011235955056,1.103448275862069,0.0,1.2584269662921348,2.0,Germany
338,2006,United States,3,2,2,0.0,3.0,1.0,1.390625,0.90625,1.390625,0.90625,0.0,1.103448275862069,3.310344827586207,1.0786516853932584,0.0,Germany
339,2010,Algeria,1,0,2,0.0,1.0,1.0,1.203125,1.0625,1.203125,1.0625,0.0,0.0,0.9411764705882353,0.4155844155844156,0.0,South Africa
340,2010,Argentina,0,2,1,8.0,6.0,4.0,1.203125,1.0625,1.203125,1.0625,1.6623376623376624,1.8823529411764706,1.411764705882353,0.0,4.0,South Africa
341,2010,Australia,5,1,2,2.0,1.0,1.0,1.203125,1.0625,1.203125,1.0625,1.6623376623376624,0.47058823529411764,0.9411764705882353,2.0779220779220777,1.0,South Africa
342,2010,Brazil,2,1,2,8.0,2.0,3.0,1.203125,1.0625,1.203125,1.0625,2.2164502164502164,0.47058823529411764,0.6274509803921569,0.8311688311688312,3.0,South Africa
343,2010,Cameroon,1,0,1,2.0,4.0,2.0,1.203125,1.0625,1.203125,1.0625,0.8311688311688312,0.0,1.8823529411764706,0.8311688311688312,0.0,South Africa
344,2010,Chile,3,1,2,2.0,2.0,2.0,1.203125,1.0625,1.203125,1.0625,0.8311688311688312,0.47058823529411764,0.9411764705882353,1.2467532467532467,2.0,South Africa
345,2010,Denmark,3,2,2,1.0,3.0,1.0,1.203125,1.0625,1.203125,1.0625,0.8311688311688312,0.9411764705882353,2.823529411764706,1.2467532467532467,1.0,South Africa
346,2010,England,4,2,2,1.0,1.0,2.0,1.203125,1.0625,1.203125,1.0625,0.4155844155844156,0.9411764705882353,0.47058823529411764,1.6623376623376624,1.0,South Africa
347,2010,France,2,1,2,0.0,2.0,1.0,1.203125,1.0625,1.203125,1.0625,0.0,0.47058823529411764,1.8823529411764706,0.8311688311688312,0.0,South Africa
348,2010,Germany,2,8,3,8.0,3.0,4.0,1.203125,1.0625,1.203125,1.0625,1.6623376623376624,2.5098039215686274,0.7058823529411765,0.5541125541125541,5.0,South Africa
349,2010,Ghana,2,4,3,1.0,2.0,2.0,1.203125,1.0625,1.203125,1.0625,0.4155844155844156,1.2549019607843137,0.9411764705882353,0.5541125541125541,2.0,South Africa
350,2010,Greece,2,0,1,2.0,3.0,2.0,1.203125,1.0625,1.203125,1.0625,0.8311688311688312,0.0,1.411764705882353,1.6623376623376624,1.0,South Africa
351,2010,Honduras,2,0,2,0.0,1.0,1.0,1.203125,1.0625,1.203125,1.0625,0.0,0.0,0.9411764705882353,0.8311688311688312,0.0,South Africa
352,2010,Italy,3,2,1,2.0,2.0,2.0,1.203125,1.0625,1.203125,1.0625,0.8311688311688312,1.8823529411764706,0.9411764705882353,2.4935064935064934,0.0,South Africa
353,2010,Ivory Coast,3,4,2,0.0,0.0,1.0,1.203125,1.0625,1.203125,1.0625,0.0,1.8823529411764706,0.0,1.2467532467532467,1.0,South Africa
354,2010,Japan,2,3,3,1.0,0.0,1.0,1.203125,1.0625,1.203125,1.0625,0.8311688311688312,0.9411764705882353,0.0,0.5541125541125541,2.0,South Africa
355,2010,Mexico,4,4,3,0.0,1.0,1.0,1.203125,1.0625,1.203125,1.0625,0.0,1.2549019607843137,0.9411764705882353,1.1082251082251082,1.0,South Africa
356,2010,Netherlands,3,5,2,7.0,3.0,5.0,1.203125,1.0625,1.203125,1.0625,1.1636363636363636,2.3529411764705883,0.5647058823529412,1.2467532467532467,6.0,South Africa
357,2010,New Zealand,1,1,2,1.0,1.0,1.0,1.203125,1.0625,1.203125,1.0625,0.8311688311688312,0.47058823529411764,0.9411764705882353,0.4155844155844156,0.0,South Africa
358,2010,Nigeria,3,1,2,2.0,2.0,1.0,1.203125,1.0625,1.203125,1.0625,1.6623376623376624,0.47058823529411764,1.8823529411764706,1.2467532467532467,0.0,South Africa
359,2010,North Korea,9,1,2,0.0,3.0,1.0,1.203125,1.0625,1.203125,1.0625,0.0,0.47058823529411764,2.823529411764706,3.74025974025974,0.0,South Africa
360,2010,Paraguay,1,3,2,0.0,1.0,3.0,1.203125,1.0625,1.203125,1.0625,0.0,1.411764705882353,0.3137254901960784,0.4155844155844156,1.0,South Africa
361,2010,Portugal,1,0,2,7.0,0.0,2.0,1.203125,1.0625,1.203125,1.0625,2.909090909090909,0.0,0.0,0.4155844155844156,1.0,South Africa
362,2010,Serbia,2,2,2,0.0,1.0,1.0,1.203125,1.0625,1.203125,1.0625,0.0,0.9411764705882353,0.9411764705882353,0.8311688311688312,1.0,South Africa
363,2010,Slovakia,3,2,2,3.0,4.0,2.0,1.203125,1.0625,1.203125,1.0625,1.2467532467532467,0.9411764705882353,1.8823529411764706,1.2467532467532467,1.0,South Africa
364,2010,Slovenia,0,1,1,2.0,3.0,2.0,1.203125,1.0625,1.203125,1.0625,0.8311688311688312,0.9411764705882353,1.411764705882353,0.0,1.0,South Africa
365,2010,South Korea,8,4,3,2.0,0.0,1.0,1.203125,1.0625,1.203125,1.0625,1.6623376623376624,1.2549019607843137,0.0,2.2164502164502164,1.0,South Africa
366,2010,Spain,1,5,4,3.0,1.0,3.0,1.203125,1.0625,1.203125,1.0625,0.8311688311688312,1.1764705882352942,0.3137254901960784,0.2077922077922078,6.0,South Africa
367,2010,Switzerland,1,1,2,0.0,0.0,1.0,1.203125,1.0625,1.203125,1.0625,0.0,0.47058823529411764,0.0,0.4155844155844156,1.0,South Africa
368,2010,United States,3,3,2,2.0,2.0,2.0,1.203125,1.0625,1.203125,1.0625,0.8311688311688312,1.411764705882353,0.9411764705882353,1.2467532467532467,1.0,South Africa
369,2010,Uruguay,0,4,2,7.0,8.0,5.0,1.203125,1.0625,1.203125,1.0625,1.1636363636363636,1.8823529411764706,1.5058823529411764,0.0,3.0,South Africa
370,2014,Algeria,6,6,3,1.0,1.0,1.0,1.3125,1.359375,1.3125,1.359375,0.7619047619047619,1.471264367816092,0.735632183908046,1.5238095238095237,1.0,Brazil
371,2014,Argentina,3,3,3,5.0,1.0,4.0,1.3125,1.359375,1.3125,1.359375,0.9523809523809523,0.735632183908046,0.1839080459770115,0.7619047619047619,5.0,Brazil
372,2014,Australia,3,1,1,2.0,6.0,2.0,1.3125,1.359375,1.3125,1.359375,0.7619047619047619,0.735632183908046,2.206896551724138,2.2857142857142856,0.0,Brazil
373,2014,Belgium,1,1,2,5.0,2.0,3.0,1.3125,1.359375,1.3125,1.359375,1.26984126984127,0.367816091954023,0.4904214559386973,0.38095238095238093,4.0,Brazil
374,2014,Bosnia and Herzegovina,3,1,2,3.0,1.0,1.0,1.3125,1.359375,1.3125,1.359375,2.2857142857142856,0.367816091954023,0.735632183908046,1.1428571428571428,1.0,Brazil
375,2014,Cameroon,5,1,2,0.0,4.0,1.0,1.3125,1.359375,1.3125,1.359375,0.0,0.367816091954023,2.942528735632184,1.9047619047619047,0.0,Brazil
376,2014,Chile,3,3,3,3.0,1.0,1.0,1.3125,1.359375,1.3125,1.359375,2.2857142857142856,0.735632183908046,0.735632183908046,0.7619047619047619,2.0,Brazil
377,2014,Colombia,3,5,2,7.0,1.0,3.0,1.3125,1.359375,1.3125,1.359375,1.777777777777778,1.839080459770115,0.24521072796934865,1.1428571428571428,4.0,Brazil
378,2014,Costa Rica,1,4,3,1.0,1.0,2.0,1.3125,1.359375,1.3125,1.359375,0.38095238095238093,0.9808429118773946,0.367816091954023,0.25396825396825395,2.0,Brazil
379,2014,Croatia,3,5,2,1.0,3.0,1.0,1.3125,1.359375,1.3125,1.359375,0.7619047619047619,1.839080459770115,2.206896551724138,1.1428571428571428,1.0,Brazil
380,2014,Ecuador,3,3,2,0.0,0.0,1.0,1.3125,1.359375,1.3125,1.359375,0.0,1.103448275862069,0.0,1.1428571428571428,1.0,Brazil
381,2014,England,2,1,2,1.0,2.0,1.0,1.3125,1.359375,1.3125,1.359375,0.7619047619047619,0.367816091954023,1.471264367816092,0.7619047619047619,0.0,Brazil
382,2014,France,2,5,2,5.0,1.0,3.0,1.3125,1.359375,1.3125,1.359375,1.26984126984127,1.839080459770115,0.24521072796934865,0.7619047619047619,3.0,Brazil
383,2014,Germany,1,9,3,9.0,3.0,4.0,1.3125,1.359375,1.3125,1.359375,1.7142857142857142,2.206896551724138,0.5517241379310345,0.25396825396825395,6.0,Brazil
384,2014,Ghana,4,3,2,1.0,2.0,1.0,1.3125,1.359375,1.3125,1.359375,0.7619047619047619,1.103448275862069,1.471264367816092,1.5238095238095237,0.0,Brazil
385,2014,Greece,4,1,3,2.0,1.0,1.0,1.3125,1.359375,1.3125,1.359375,1.5238095238095237,0.24521072796934865,0.735632183908046,1.0158730158730158,1.0,Brazil
386,2014,Honduras,3,0,1,1.0,5.0,2.0,1.3125,1.359375,1.3125,1.359375,0.38095238095238093,0.0,1.839080459770115,2.2857142857142856,0.0,Brazil
387,2014,Iran,4,1,2,0.0,0.0,1.0,1.3125,1.359375,1.3125,1.359375,0.0,0.367816091954023,0.0,1.5238095238095237,0.0,Brazil
388,2014,Italy,1,2,1,0.0,2.0,2.0,1.3125,1.359375,1.3125,1.359375,0.0,1.471264367816092,0.735632183908046,0.7619047619047619,1.0,Brazil
389,2014,Ivory Coast,4,2,2,2.0,1.0,1.0,1.3125,1.359375,1.3125,1.359375,1.5238095238095237,0.735632183908046,0.735632183908046,1.5238095238095237,1.0,Brazil
390,2014,Japan,2,1,1,1.0,4.0,2.0,1.3125,1.359375,1.3125,1.359375,0.38095238095238093,0.735632183908046,1.471264367816092,1.5238095238095237,0.0,Brazil
391,2014,Mexico,3,4,3,1.0,0.0,1.0,1.3125,1.359375,1.3125,1.359375,0.7619047619047619,0.9808429118773946,0.0,0.7619047619047619,2.0,Brazil
392,2014,Netherlands,3,11,3,4.0,1.0,4.0,1.3125,1.359375,1.3125,1.359375,0.7619047619047619,2.6973180076628354,0.1839080459770115,0.7619047619047619,5.0,Brazil
393,2014,Nigeria,2,0,2,3.0,3.0,2.0,1.3125,1.359375,1.3125,1.359375,1.1428571428571428,0.0,1.103448275862069,0.7619047619047619,1.0,Brazil
394,2014,Portugal,6,2,2,2.0,1.0,1.0,1.3125,1.359375,1.3125,1.359375,1.5238095238095237,0.735632183908046,0.735632183908046,2.2857142857142856,1.0,Brazil
395,2014,Russia,2,1,2,1.0,1.0,1.0,1.3125,1.359375,1.3125,1.359375,0.7619047619047619,0.367816091954023,0.735632183908046,0.7619047619047619,0.0,Brazil
396,2014,South Korea,1,1,1,2.0,5.0,2.0,1.3125,1.359375,1.3125,1.359375,0.7619047619047619,0.735632183908046,1.839080459770115,0.7619047619047619,0.0,Brazil
397,2014,Spain,0,3,1,1.0,7.0,2.0,1.3125,1.359375,1.3125,1.359375,0.38095238095238093,2.206896551724138,2.574712643678161,0.0,1.0,Brazil
398,2014,Switzerland,1,3,2,4.0,6.0,2.0,1.3125,1.359375,1.3125,1.359375,1.5238095238095237,1.103448275862069,2.206896551724138,0.38095238095238093,2.0,Brazil
399,2014,United States,3,3,2,2.0,3.0,2.0,1.3125,1.359375,1.3125,1.359375,0.7619047619047619,1.103448275862069,1.103448275862069,1.1428571428571428,1.0,Brazil
400,2014,Uruguay,2,1,2,3.0,4.0,2.0,1.3125,1.359375,1.3125,1.359375,1.1428571428571428,0.367816091954023,1.471264367816092,0.7619047619047619,2.0,Brazil
401,2018,Argentina,5,5,2,1.0,4.0,2.0,1.375,1.265625,1.375,1.265625,0.36363636363636365,1.9753086419753085,1.5802469135802468,1.8181818181818181,1.0,Russia
402,2018,Australia,3,2,2,0.0,2.0,1.0,1.375,1.265625,1.375,1.265625,0.0,0.7901234567901234,1.5802469135802468,1.0909090909090908,0.0,Russia
403,2018,Belgium,2,3,3,13.0,4.0,4.0,1.375,1.265625,1.375,1.265625,2.3636363636363638,0.7901234567901234,0.7901234567901234,0.4848484848484848,6.0,Russia
404,2018,Brazil,0,2,1,6.0,3.0,4.0,1.375,1.265625,1.375,1.265625,1.0909090909090908,1.5802469135802468,0.5925925925925926,0.0,3.0,Russia
405,2018,Colombia,0,4,2,2.0,3.0,2.0,1.375,1.265625,1.375,1.265625,0.7272727272727273,1.5802469135802468,1.1851851851851851,0.0,2.0,Russia
406,2018,Costa Rica,4,2,2,0.0,1.0,1.0,1.375,1.265625,1.375,1.265625,0.0,0.7901234567901234,0.7901234567901234,1.4545454545454546,0.0,Russia
407,2018,Croatia,7,9,4,5.0,2.0,3.0,1.375,1.265625,1.375,1.265625,1.2121212121212122,1.7777777777777777,0.5267489711934156,1.2727272727272727,4.0,Russia
408,2018,Denmark,1,2,2,1.0,1.0,2.0,1.375,1.265625,1.375,1.265625,0.36363636363636365,0.7901234567901234,0.3950617283950617,0.36363636363636365,1.0,Russia
409,2018,Egypt,5,2,2,0.0,1.0,1.0,1.375,1.265625,1.375,1.265625,0.0,0.7901234567901234,0.7901234567901234,1.8181818181818181,0.0,Russia
410,2018,England,6,6,5,6.0,2.0,2.0,1.375,1.265625,1.375,1.265625,2.1818181818181817,0.9481481481481481,0.7901234567901234,0.8727272727272727,3.0,Russia
411,2018,France,0,2,2,12.0,6.0,5.0,1.375,1.265625,1.375,1.265625,1.7454545454545454,0.7901234567901234,0.9481481481481481,0.0,6.0,Russia
412,2018,Germany,2,0,1,2.0,2.0,2.0,1.375,1.265625,1.375,1.265625,0.7272727272727273,0.0,0.7901234567901234,1.4545454545454546,1.0,Russia
413,2018,Iceland,3,1,2,1.0,2.0,1.0,1.375,1.265625,1.375,1.265625,0.7272727272727273,0.3950617283950617,1.5802469135802468,1.0909090909090908,0.0,Russia
414,2018,Iran,0,1,1,1.0,2.0,2.0,1.375,1.265625,1.375,1.265625,0.36363636363636365,0.7901234567901234,0.7901234567901234,0.0,1.0,Russia
415,2018,Japan,4,4,2,2.0,3.0,2.0,1.375,1.265625,1.375,1.265625,0.7272727272727273,1.5802469135802468,1.1851851851851851,1.4545454545454546,1.0,Russia
416,2018,Mexico,3,3,3,0.0,3.0,1.0,1.375,1.265625,1.375,1.265625,0.0,0.7901234567901234,2.3703703703703702,0.7272727272727273,2.0,Russia
417,2018,Morocco,3,2,2,0.0,1.0,1.0,1.375,1.265625,1.375,1.265625,0.0,0.7901234567901234,0.7901234567901234,1.0909090909090908,0.0,Russia
418,2018,Nigeria,2,0,1,3.0,2.0,2.0,1.375,1.265625,1.375,1.265625,1.0909090909090908,0.0,0.7901234567901234,1.4545454545454546,1.0,Russia
419,2018,Panama,9,1,2,1.0,2.0,1.0,1.375,1.265625,1.375,1.265625,0.7272727272727273,0.3950617283950617,1.5802469135802468,3.272727272727273,0.0,Russia
420,2018,Peru,1,2,2,0.0,1.0,1.0,1.375,1.265625,1.375,1.265625,0.0,0.7901234567901234,0.7901234567901234,0.36363636363636365,1.0,Russia
421,2018,Poland,0,1,1,1.0,5.0,2.0,1.375,1.265625,1.375,1.265625,0.36363636363636365,0.7901234567901234,1.9753086419753085,0.0,1.0,Russia
422,2018,Portugal,3,2,2,4.0,3.0,2.0,1.375,1.265625,1.375,1.265625,1.4545454545454546,0.7901234567901234,1.1851851851851851,1.0909090909090908,1.0,Russia
423,2018,Saudi Arabia,6,0,2,2.0,1.0,1.0,1.375,1.265625,1.375,1.265625,1.4545454545454546,0.0,0.7901234567901234,2.1818181818181817,1.0,Russia
424,2018,Senegal,3,4,2,0.0,1.0,1.0,1.375,1.265625,1.375,1.265625,0.0,1.5802469135802468,0.7901234567901234,1.0909090909090908,1.0,Russia
425,2018,Serbia,0,1,1,1.0,4.0,2.0,1.375,1.265625,1.375,1.265625,0.36363636363636365,0.7901234567901234,1.5802469135802468,0.0,1.0,Russia
426,2018,South Korea,1,0,1,3.0,2.0,2.0,1.375,1.265625,1.375,1.265625,1.0909090909090908,0.0,0.7901234567901234,0.7272727272727273,1.0,Russia
427,2018,Spain,4,5,3,2.0,2.0,1.0,1.375,1.265625,1.375,1.265625,1.4545454545454546,1.316872427983539,1.5802469135802468,0.9696969696969696,1.0,Russia
428,2018,Sweden,2,4,2,2.0,2.0,3.0,1.375,1.265625,1.375,1.265625,0.4848484848484848,1.5802469135802468,0.5267489711934156,0.7272727272727273,3.0,Russia
429,2018,Switzerland,3,3,3,2.0,2.0,1.0,1.375,1.265625,1.375,1.265625,1.4545454545454546,0.7901234567901234,1.5802469135802468,0.7272727272727273,1.0,Russia
430,2018,Tunisia,6,4,2,1.0,2.0,1.0,1.375,1.265625,1.375,1.265625,0.7272727272727273,1.5802469135802468,1.5802469135802468,2.1818181818181817,1.0,Russia
431,2018,Uruguay,0,4,2,3.0,3.0,3.0,1.375,1.265625,1.375,1.265625,0.7272727272727273,1.5802469135802468,0.7901234567901234,0.0,4.0,Russia
